<?xml version="1.0" encoding="UTF-8"?>
<!DOCTYPE mapper
  PUBLIC "-//mybatis.org//DTD Mapper 3.0//EN"
  "https://mybatis.org/dtd/mybatis-3-mapper.dtd">
<mapper namespace="memberMapper">
	<!-- namespace: 현재 mapper파일의 고유한 별칭 -->
	
	<!--
		* resultMap : ResultSet으로부터 조회된 컬럼값 하나씩 뽑아서 지정한 vo객체의
					  각 필드에 저장(매핑)하는 JDBC코드를 줄여주는 역할
		
		<resultMap id="식별자" type="조회결과를 담아 반환하고자 하는 vo객체 타입(전체클래스명|별칭)">
			<result column="DB컬럼명" property="vo객체의_필드명" />
			<result column="DB컬럼명" property="vo객체의_필드명" />
			<result column="DB컬럼명" property="vo객체의_필드명" />
			...
		</resulMap>
		
		* DML 작성
		<insert|update|delete id="sql문_식별자"
							  [parameterType="전달받을_데이터타입(전체클래스명|별칭)"]>
			실행할 SQL문			  
		</insert|update|delete>
		
		* DQL(SELECT) 작성
		<select id="sql문_식별자" 
				resultType="조회된 결과를 반환하고자 하는 자바(일반적인)타입(int, String, ..)"
				또는 resultMap="조회된 결과를 매핑할 resultMap의 vo객체의 id"
				[parameterType="전달받을_데이터타입(전체클래스명|별칭)"]>
		</select>
		
		* sql문으로 전달되는 데이터를 ?가 아닌 #{필드명 또는 변수명 또는 키값}으로 정의하면
				내부적으로 전달된 객체로부터 값을 꺼내어 사용하게 됨
	 -->
	 <!-- loginMember로 조회된 데이터를 Member 객체에 담기위한 resultMap 정의 -->
	 <resultMap id="memberResultSet" type="Member">
	 	<result column="user_no" property="userNo" />
	 	<result column="USER_ID" property="userId" />
	 	<result column="user_pwd" property="userPwd" />
	 	<result column="user_name" property="userName" />
	 	<result column="email" property="email"/>
	 	<result column="birthday" property="birthday"/>
	 	<result column="gender" property="gender" />
	 	<result column="address" property="address" />
	 	<result column="enroll_date" property="enrollDate" />
	 	<result column="modify_date" property="modifyDate" />
	 	<result column="status" property="status"/>
	 </resultMap>
	 
	 
	 <!--  <insert id="insertMember" parameterType="com.kh.mybatis.member.model.vo.Member"> -->
	 <insert id="insertMember" parameterType="Member">
		insert into member ( user_no
                    , user_id
                    , user_pwd
                    , user_name
                    , email
                    , birthday
                    , gender
                    , phone
                    , address )
        values ( SEQ_UNO.nextval
                , #{userId}
                , #{userPwd}
                , #{userName}
                , #{email}
                , #{birthday}
                , #{gender}
                , #{phone}
                , #{address} )
	 </insert>
	 
	 <select id="loginMember" resultMap="memberResultSet" parameterType="Member">
		SELECT USER_NO
		    , USER_ID
		    , USER_PWD
		    , USER_NAME
		    , EMAIL
		    , BIRTHDAY
		    , GENDER
		    , PHONE
		    , ADDRESS
		    , ENROLL_DATE
		    , MODIFY_DATE
		    , STATUS
		FROM MEMBER
		WHERE USER_ID = #{userId} AND USER_PWD = #{userPwd} AND STATUS = 'Y'	 
	 </select>
	 
</mapper>







