<?xml version="1.0" encoding="UTF-8"?>
<!DOCTYPE properties SYSTEM "http://java.sun.com/dtd/properties.dtd">
<properties>
	<entry key="loginMember">
		select * from member
		where user_id = ?
		and user_pwd = ?
		and status = 'Y'
	</entry>
	<entry key="insertMember">
		insert into member
		values(SEQ_UNO.NEXTVAL,?,?,?,?,?,?,?, SYSDATE, SYSDATE, 'Y')
	</entry>
	<entry key="updateMember">
		update member
		set phone = ?
		, email = ?
		, address = ?
		, interest = ?
		where user_id = ?
	</entry>
	<entry key="selectMember">
		select * from member
		where user_id = ?
	</entry>
	<entry key="updatePwd">
		update member
		set user_pwd = ?,
		modify_date = sysdate
		where user_id = ?
		and user_pwd = ?
	</entry>
	<entry key="deleteMember">
		update member
		set status = 'N', modify_date = sysdate
		where user_id = ? and user_pwd = ?
	</entry>
	
	<entry key="checkId">
		select *
		from member
		where user_id = ?
	</entry>
</properties>